epoch,time,train/box_loss,train/cls_loss,train/dfl_loss,metrics/precision(B),metrics/recall(B),metrics/mAP50(B),metrics/mAP50-95(B),val/box_loss,val/cls_loss,val/dfl_loss,lr/pg0,lr/pg1,lr/pg2
1,195.765,4.00171,18.0818,4.19577,0.00755,0.44609,0.01686,0.00723,4.59508,8.16487,4.69515,0.000184583,0.000184583,0.000184583
2,437.234,3.8815,8.34982,3.87827,0.55426,0.12904,0.03428,0.01222,4.3685,7.74233,4.48957,0.000278362,0.000278362,0.000278362
3,692.344,3.74946,7.72124,3.79756,0.39798,0.12039,0.05025,0.01964,4.14043,7.55744,4.4311,0.000280401,0.000280401,0.000280401
4,922.015,3.64321,7.28875,3.68152,0.39992,0.13027,0.06587,0.02662,4.00729,7.28568,4.35335,0.00014317,0.00014317,0.00014317
